"category","date","value"
"مصنعة",2015-01-01,9044
"مواد خام",2015-01-01,37471
"نصف مصنعة",2015-01-01,11890.3
"مصنعة",2015-02-01,9728.8
"مواد خام",2015-02-01,41462.6
"نصف مصنعة",2015-02-01,10390
"مصنعة",2015-03-01,11236.9
"مواد خام",2015-03-01,49898.5
"نصف مصنعة",2015-03-01,11603.6
"مصنعة",2015-04-01,11221.1
"مواد خام",2015-04-01,50727.5
"نصف مصنعة",2015-04-01,11794.2
"مصنعة",2015-05-01,11597.6
"مواد خام",2015-05-01,53790.6
"نصف مصنعة",2015-05-01,11425.6
"مصنعة",2015-06-01,10164.2
"مواد خام",2015-06-01,47821.8
"نصف مصنعة",2015-06-01,11989.7
"مصنعة",2015-07-01,10645.7
"مواد خام",2015-07-01,45906
"نصف مصنعة",2015-07-01,12168
"مصنعة",2015-08-01,10308.1
"مواد خام",2015-08-01,39366.6
"نصف مصنعة",2015-08-01,11860.3
"مصنعة",2015-09-01,9566.4
"مواد خام",2015-09-01,34923.2
"نصف مصنعة",2015-09-01,10104.9
"مصنعة",2015-10-01,9285.1
"مواد خام",2015-10-01,35115.5
"نصف مصنعة",2015-10-01,10961
"مصنعة",2015-11-01,10497.2
"مواد خام",2015-11-01,34439.1
"نصف مصنعة",2015-11-01,10979.1
"مصنعة",2015-12-01,11347.1
"مواد خام",2015-12-01,30856.8
"نصف مصنعة",2015-12-01,11233
"مصنعة",2016-01-01,8645.1
"مواد خام",2016-01-01,24390.1
"نصف مصنعة",2016-01-01,9156.4
"مصنعة",2016-02-01,9260.8
"مواد خام",2016-02-01,25479.4
"نصف مصنعة",2016-02-01,9568
"مصنعة",2016-03-01,10235.4
"مواد خام",2016-03-01,32223.3
"نصف مصنعة",2016-03-01,11097.2
"مصنعة",2016-04-01,10863.3
"مواد خام",2016-04-01,31769
"نصف مصنعة",2016-04-01,9969.6
"مصنعة",2016-05-01,11725.2
"مواد خام",2016-05-01,40266
"نصف مصنعة",2016-05-01,11157.2
"مصنعة",2016-06-01,11697.7
"مواد خام",2016-06-01,37861.7
"نصف مصنعة",2016-06-01,10500.2
"مصنعة",2016-07-01,9498.4
"مواد خام",2016-07-01,38441.2
"نصف مصنعة",2016-07-01,9584.2
"مصنعة",2016-08-01,10744.5
"مواد خام",2016-08-01,37715
"نصف مصنعة",2016-08-01,11937
"مصنعة",2016-09-01,10377.4
"مواد خام",2016-09-01,37376.5
"نصف مصنعة",2016-09-01,9670.9
"مصنعة",2016-10-01,12999.6
"مواد خام",2016-10-01,42992.2
"نصف مصنعة",2016-10-01,11295.5
"مصنعة",2016-11-01,11332
"مواد خام",2016-11-01,39295.4
"نصف مصنعة",2016-11-01,10795.4
"مصنعة",2016-12-01,10763.7
"مواد خام",2016-12-01,45874.6
"نصف مصنعة",2016-12-01,11361.2
"مصنعة",2017-01-01,10253.4
"مواد خام",2017-01-01,48493.2
"نصف مصنعة",2017-01-01,10932.1
"مصنعة",2017-02-01,12587.3
"مواد خام",2017-02-01,43901.7
"نصف مصنعة",2017-02-01,9847.6
"مصنعة",2017-03-01,14635.1
"مواد خام",2017-03-01,44613.2
"نصف مصنعة",2017-03-01,11984.4
"مصنعة",2017-04-01,12795.2
"مواد خام",2017-04-01,43411.5
"نصف مصنعة",2017-04-01,10893.2
"مصنعة",2017-05-01,12706.6
"مواد خام",2017-05-01,39454.4
"نصف مصنعة",2017-05-01,11521.3
"مصنعة",2017-06-01,11165.5
"مواد خام",2017-06-01,37697.6
"نصف مصنعة",2017-06-01,9954.8
"مصنعة",2017-07-01,13013.3
"مواد خام",2017-07-01,38890.8
"نصف مصنعة",2017-07-01,12218.1
"مصنعة",2017-08-01,14100.7
"مواد خام",2017-08-01,40905
"نصف مصنعة",2017-08-01,13069.6
"مصنعة",2017-09-01,12581.4
"مواد خام",2017-09-01,41662.2
"نصف مصنعة",2017-09-01,9741.7
"مصنعة",2017-10-01,15909.6
"مواد خام",2017-10-01,48059.5
"نصف مصنعة",2017-10-01,12850.1
"مصنعة",2017-11-01,16974.4
"مواد خام",2017-11-01,50016.2
"نصف مصنعة",2017-11-01,13657.2
"مصنعة",2017-12-01,16976.2
"مواد خام",2017-12-01,51188.5
"نصف مصنعة",2017-12-01,12739.7
"مصنعة",2018-01-01,14200.9
"مواد خام",2018-01-01,55979.1
"نصف مصنعة",2018-01-01,14020.8
"مصنعة",2018-02-01,13514.8
"مواد خام",2018-02-01,49382.7
"نصف مصنعة",2018-02-01,14616.3
"مصنعة",2018-03-01,15583.1
"مواد خام",2018-03-01,51470.2
"نصف مصنعة",2018-03-01,15359.8
"مصنعة",2018-04-01,16115.1
"مواد خام",2018-04-01,58268.3
"نصف مصنعة",2018-04-01,15227.6
"مصنعة",2018-05-01,17333.2
"مواد خام",2018-05-01,62161.1
"نصف مصنعة",2018-05-01,16864.2
"مصنعة",2018-06-01,15681.7
"مواد خام",2018-06-01,64658.2
"نصف مصنعة",2018-06-01,14672.3
"مصنعة",2018-07-01,16946.2
"مواد خام",2018-07-01,64567.5
"نصف مصنعة",2018-07-01,17046.9
"مصنعة",2018-08-01,15955.9
"مواد خام",2018-08-01,63429.8
"نصف مصنعة",2018-08-01,13136.4
"مصنعة",2018-09-01,18906.6
"مواد خام",2018-09-01,63797.6
"نصف مصنعة",2018-09-01,14535.1
"مصنعة",2018-10-01,19870
"مواد خام",2018-10-01,70635.3
"نصف مصنعة",2018-10-01,15355.8
"مصنعة",2018-11-01,16395.9
"مواد خام",2018-11-01,61765.8
"نصف مصنعة",2018-11-01,15654.4
"مصنعة",2018-12-01,17841.9
"مواد خام",2018-12-01,55966.1
"نصف مصنعة",2018-12-01,16535.5
"مصنعة",2019-01-01,15166.9
"مواد خام",2019-01-01,52469.3
"نصف مصنعة",2019-01-01,15130
"مصنعة",2019-02-01,15657.7
"مواد خام",2019-02-01,49092.5
"نصف مصنعة",2019-02-01,13468.9
"مصنعة",2019-03-01,16847.1
"مواد خام",2019-03-01,55926.1
"نصف مصنعة",2019-03-01,15205.1
"مصنعة",2019-04-01,16716.7
"مواد خام",2019-04-01,57356.1
"نصف مصنعة",2019-04-01,14620.4
"مصنعة",2019-05-01,14920.3
"مواد خام",2019-05-01,57617.8
"نصف مصنعة",2019-05-01,14131.5
"مصنعة",2019-06-01,12874.3
"مواد خام",2019-06-01,50981.9
"نصف مصنعة",2019-06-01,13283.3
"مصنعة",2019-07-01,12972.7
"مواد خام",2019-07-01,54876.6
"نصف مصنعة",2019-07-01,14014.4
"مصنعة",2019-08-01,12610.7
"مواد خام",2019-08-01,51097.3
"نصف مصنعة",2019-08-01,12902.4
"مصنعة",2019-09-01,14898.4
"مواد خام",2019-09-01,48369
"نصف مصنعة",2019-09-01,14024.7
"مصنعة",2019-10-01,12434.2
"مواد خام",2019-10-01,50195.3
"نصف مصنعة",2019-10-01,14093
"مصنعة",2019-11-01,14028.1
"مواد خام",2019-11-01,54126.7
"نصف مصنعة",2019-11-01,12634.8
"مصنعة",2019-12-01,15571
"مواد خام",2019-12-01,57129.4
"نصف مصنعة",2019-12-01,13093.3
"مصنعة",2020-01-01,11653.1
"مواد خام",2020-01-01,58338.3
"نصف مصنعة",2020-01-01,12243.5
"مصنعة",2020-02-01,8580.2
"مواد خام",2020-02-01,43984.7
"نصف مصنعة",2020-02-01,11237.4
"مصنعة",2020-03-01,7505.7
"مواد خام",2020-03-01,26317
"نصف مصنعة",2020-03-01,11697.4
"مصنعة",2020-04-01,6787.4
"مواد خام",2020-04-01,21039.3
"نصف مصنعة",2020-04-01,10291.8
"مصنعة",2020-05-01,8181.6
"مواد خام",2020-05-01,19859.1
"نصف مصنعة",2020-05-01,9271.5
"مصنعة",2020-06-01,9246.9
"مواد خام",2020-06-01,22695.9
"نصف مصنعة",2020-06-01,12209.1
"مصنعة",2020-07-01,8897.6
"مواد خام",2020-07-01,29363.3
"نصف مصنعة",2020-07-01,12789
"مصنعة",2020-08-01,9669.7
"مواد خام",2020-08-01,32758.6
"نصف مصنعة",2020-08-01,13657.5
"مصنعة",2020-09-01,9210.9
"مواد خام",2020-09-01,30314.9
"نصف مصنعة",2020-09-01,13816.2
"مصنعة",2020-10-01,11103.3
"مواد خام",2020-10-01,30954.2
"نصف مصنعة",2020-10-01,13809.9
"مصنعة",2020-11-01,12210.4
"مواد خام",2020-11-01,33041.2
"نصف مصنعة",2020-11-01,13520.5
"مصنعة",2020-12-01,12450.4
"مواد خام",2020-12-01,39178.3
"نصف مصنعة",2020-12-01,13671.6
"مصنعة",2021-01-01,13217.5
"مواد خام",2021-01-01,43085.7
"نصف مصنعة",2021-01-01,13521.1
"مصنعة",2021-02-01,12950.7
"مواد خام",2021-02-01,38436.4
"نصف مصنعة",2021-02-01,13156.6
"مصنعة",2021-03-01,14039.6
"مواد خام",2021-03-01,43148.8
"نصف مصنعة",2021-03-01,16354.1
"مصنعة",2021-04-01,13247.7
"مواد خام",2021-04-01,41201.7
"نصف مصنعة",2021-04-01,14763.2
"مصنعة",2021-05-01,14010.4
"مواد خام",2021-05-01,46794.3
"نصف مصنعة",2021-05-01,17748.9
"مصنعة",2021-06-01,15209.3
"مواد خام",2021-06-01,50235.5
"نصف مصنعة",2021-06-01,18861.9
"مصنعة",2021-07-01,13912.4
"مواد خام",2021-07-01,57502.8
"نصف مصنعة",2021-07-01,17229.8
"مصنعة",2021-08-01,16123.6
"مواد خام",2021-08-01,55223
"نصف مصنعة",2021-08-01,18331
"مصنعة",2021-09-01,19313
"مواد خام",2021-09-01,58259.4
"نصف مصنعة",2021-09-01,17598.5
"مصنعة",2021-10-01,19938.7
"مواد خام",2021-10-01,67585.7
"نصف مصنعة",2021-10-01,18445.4
"مصنعة",2021-11-01,22774.1
"مواد خام",2021-11-01,65979.7
"نصف مصنعة",2021-11-01,20029.2
"مصنعة",2021-12-01,23499.7
"مواد خام",2021-12-01,62732.7
"نصف مصنعة",2021-12-01,20773.4
"مصنعة",2022-01-01,20600
"مواد خام",2022-01-01,70622.3
"نصف مصنعة",2022-01-01,17964.4
"مصنعة",2022-02-01,21769.1
"مواد خام",2022-02-01,75030.3
"نصف مصنعة",2022-02-01,19031.7
"مصنعة",2022-03-01,28652.3
"مواد خام",2022-03-01,91774.4
"نصف مصنعة",2022-03-01,21531.1
"مصنعة",2022-04-01,27596.7
"مواد خام",2022-04-01,89036.4
"نصف مصنعة",2022-04-01,21032.9
"مصنعة",2022-05-01,28856.4
"مواد خام",2022-05-01,92439.9
"نصف مصنعة",2022-05-01,21667.3
"مصنعة",2022-06-01,33171.8
"مواد خام",2022-06-01,91412.7
"نصف مصنعة",2022-06-01,22468.2
"مصنعة",2022-07-01,27671.9
"مواد خام",2022-07-01,93152.4
"نصف مصنعة",2022-07-01,19292.1
"مصنعة",2022-08-01,24925.5
"مواد خام",2022-08-01,88755
"نصف مصنعة",2022-08-01,19880.6
"مصنعة",2022-09-01,23323.9
"مواد خام",2022-09-01,82766.7
"نصف مصنعة",2022-09-01,19172.3
"مصنعة",2022-10-01,26309.9
"مواد خام",2022-10-01,80657.8
"نصف مصنعة",2022-10-01,19232.2
"مصنعة",2022-11-01,20591.2
"مواد خام",2022-11-01,75007.9
"نصف مصنعة",2022-11-01,16957
"مصنعة",2022-12-01,21136.6
"مواد خام",2022-12-01,71300.4
"نصف مصنعة",2022-12-01,16657
"مصنعة",2023-01-01,20877
"مواد خام",2023-01-01,69200.4
"نصف مصنعة",2023-01-01,15348.8
"مصنعة",2023-02-01,20983.1
"مواد خام",2023-02-01,62030.1
"نصف مصنعة",2023-02-01,13912.3
"مصنعة",2023-03-01,22588
"مواد خام",2023-03-01,69025
"نصف مصنعة",2023-03-01,15360.4
"مصنعة",2023-04-01,20939.4
"مواد خام",2023-04-01,67606.3
"نصف مصنعة",2023-04-01,14161.4
"مصنعة",2023-05-01,23188.7
"مواد خام",2023-05-01,59231.7
"نصف مصنعة",2023-05-01,16576
"مصنعة",2023-06-01,19760.1
"مواد خام",2023-06-01,59931.3
"نصف مصنعة",2023-06-01,13539.7
"مصنعة",2023-07-01,17322.3
"مواد خام",2023-07-01,60195
"نصف مصنعة",2023-07-01,15086.1
"مصنعة",2023-08-01,24494.7
"مواد خام",2023-08-01,62446.4
"نصف مصنعة",2023-08-01,15886.4
"مصنعة",2023-09-01,22056.9
"مواد خام",2023-09-01,67717.2
"نصف مصنعة",2023-09-01,14274
"مصنعة",2023-10-01,18989.6
"مواد خام",2023-10-01,69536.7
"نصف مصنعة",2023-10-01,15377.4
"مصنعة",2023-11-01,16794.1
"مواد خام",2023-11-01,63610.3
"نصف مصنعة",2023-11-01,14558.3
"مصنعة",2023-12-01,22012.2
"مواد خام",2023-12-01,60831.6
"نصف مصنعة",2023-12-01,14093.5
"مصنعة",2024-01-01,22330.8
"مواد خام",2024-01-01,59203
"نصف مصنعة",2024-01-01,13346.4
"مصنعة",2024-02-01,23435.9
"مواد خام",2024-02-01,59542
"نصف مصنعة",2024-02-01,13258.3
"مصنعة",2024-03-01,23192.2
"مواد خام",2024-03-01,66694.2
"نصف مصنعة",2024-03-01,14026.3
"مصنعة",2024-04-01,23667.1
"مواد خام",2024-04-01,63742.4
"نصف مصنعة",2024-04-01,13927.9
"مصنعة",2024-05-01,26156.8
"مواد خام",2024-05-01,63037.3
"نصف مصنعة",2024-05-01,15971.1
"مصنعة",2024-06-01,20203.1
"مواد خام",2024-06-01,54522.1
"نصف مصنعة",2024-06-01,14055.5
"مصنعة",2024-07-01,20728.1
"مواد خام",2024-07-01,58888.6
"نصف مصنعة",2024-07-01,15327.4
"مصنعة",2024-08-01,22879.6
"مواد خام",2024-08-01,53833.3
"نصف مصنعة",2024-08-01,16242.8
"مصنعة",2024-09-01,22992.9
"مواد خام",2024-09-01,50023.8
"نصف مصنعة",2024-09-01,15901.2
"مصنعة",2024-10-01,23820
"مواد خام",2024-10-01,53631.7
"نصف مصنعة",2024-10-01,15520.5
"مصنعة",2024-11-01,23253.1
"مواد خام",2024-11-01,52774.6
"نصف مصنعة",2024-11-01,14621
"مصنعة",2024-12-01,23859.7
"مواد خام",2024-12-01,53529.9
"نصف مصنعة",2024-12-01,16927.1
"مصنعة",2025-01-01,25616.2
"مواد خام",2025-01-01,57303.2
"نصف مصنعة",2025-01-01,15237.2
"مصنعة",2025-02-01,25392.5
"مواد خام",2025-02-01,55249.5
"نصف مصنعة",2025-02-01,13922.4
"مصنعة",2025-03-01,26601.1
"مواد خام",2025-03-01,51808.2
"نصف مصنعة",2025-03-01,16355.7
"مصنعة",2025-04-01,26477.9
"مواد خام",2025-04-01,50836.2
"نصف مصنعة",2025-04-01,15169.7
"مصنعة",2025-05-01,26574.2
"مواد خام",2025-05-01,47729.3
"نصف مصنعة",2025-05-01,15932
"مصنعة",2025-06-01,27254.1
"مواد خام",2025-06-01,49169.3
"نصف مصنعة",2025-06-01,15433.3
"مصنعة",2025-07-01,34256.2
"مواد خام",2025-07-01,51432.3
"نصف مصنعة",2025-07-01,16122.3
"مصنعة",2025-08-01,29043
"مواد خام",2025-08-01,54325
"نصف مصنعة",2025-08-01,15153.1
"مصنعة",2025-09-01,29896.4
"مواد خام",2025-09-01,53747.8
"نصف مصنعة",2025-09-01,17462.2
"مصنعة",2025-10-01,30830.9
"مواد خام",2025-10-01,56715.6
"نصف مصنعة",2025-10-01,16588.4
"مصنعة",2025-11-01,28370.6
"مواد خام",2025-11-01,56014.4
"نصف مصنعة",2025-11-01,15830.2
"مصنعة",2025-12-01,29756.3
"مواد خام",2025-12-01,53378.8
"نصف مصنعة",2025-12-01,18336.1
"مصنعة",2026-01-01,29772
"مواد خام",2026-01-01,53267.7
"نصف مصنعة",2026-01-01,15271.5
"مصنعة",2026-02-01,30391.3
"مواد خام",2026-02-01,57019.5
"نصف مصنعة",2026-02-01,15484.7
"مصنعة",2026-03-01,32052.4
"مواد خام",2026-03-01,72117.1
"نصف مصنعة",2026-03-01,12119.9
"مصنعة",2026-04-01,33900.3
"مواد خام",2026-04-01,53078.3
"نصف مصنعة",2026-04-01,14475
"مصنعة",2026-05-01,29501.8
"مواد خام",2026-05-01,53202.7
"نصف مصنعة",2026-05-01,11022.4
